"","ID","Date","weekly_confirm","SCOnset"
"1",1,"2019-07-11",4,"komanda"
"2",2,"2019-04-11",0,"komanda"
"3",3,"2018-08-02",1,"komanda"
"4",4,"2019-07-11",0,"komanda"
"5",5,"2019-03-21",0,"komanda"
"6",6,"2019-08-01",0,"komanda"
"7",7,"2018-08-09",1,"komanda"
"8",8,"2018-11-01",0,"komanda"
"9",9,"2019-08-01",8,"komanda"
"10",10,"2019-07-04",0,"komanda"
"11",11,"2019-03-21",2,"komanda"
"12",12,"2019-03-07",0,"komanda"
"13",13,"2019-07-11",0,"komanda"
"14",14,"2019-03-14",1,"komanda"
"15",15,"2019-04-25",0,"komanda"
"16",16,"2019-03-21",0,"komanda"
"17",17,"2018-08-30",1,"komanda"
"18",18,"2018-12-20",0,"komanda"
"19",19,"2019-02-21",0,"komanda"
"20",20,"2018-10-11",0,"komanda"
"21",21,"2019-01-10",0,"komanda"
"22",22,"2019-07-11",0,"komanda"
"23",23,"2018-08-23",0,"komanda"
"24",24,"2018-12-20",0,"komanda"
"25",25,"2018-11-22",0,"komanda"
"26",26,"2019-07-25",0,"komanda"
"27",27,"2019-04-25",0,"komanda"
"28",28,"2018-10-18",0,"komanda"
"29",29,"2018-10-18",0,"komanda"
"30",30,"2019-07-11",11,"komanda"
"31",31,"2018-09-06",7,"komanda"
"32",32,"2019-01-10",1,"komanda"
"33",33,"2018-10-04",0,"komanda"
"34",34,"2018-09-06",0,"komanda"
"35",35,"2019-08-08",0,"komanda"
"36",36,"2018-11-01",4,"komanda"
"37",37,"2018-07-12",2,"komanda"
"38",38,"2019-01-31",0,"komanda"
"39",39,"2019-07-25",0,"komanda"
"40",40,"2019-06-27",0,"komanda"
"41",41,"2018-12-06",0,"komanda"
"42",42,"2018-08-23",0,"komanda"
"43",43,"2019-04-04",0,"komanda"
"44",44,"2018-09-13",0,"komanda"
"45",45,"2019-06-13",0,"komanda"
"46",46,"2018-08-23",4,"komanda"
"47",47,"2019-09-05",1,"komanda"
"48",48,"2019-04-11",0,"komanda"
"49",49,"2018-08-16",17,"komanda"
"50",50,"2019-03-21",0,"komanda"
"51",51,"2018-12-27",0,"komanda"
"52",52,"2018-12-20",0,"komanda"
"53",53,"2018-11-29",0,"komanda"
"54",54,"2019-06-20",2,"komanda"
"55",55,"2019-04-18",0,"komanda"
"56",56,"2018-10-25",1,"komanda"
"57",57,"2019-08-29",0,"komanda"
"58",58,"2019-04-18",22,"komanda"
"59",59,"2019-06-13",4,"komanda"
"60",60,"2019-03-21",1,"komanda"
"61",61,"2019-08-29",5,"komanda"
"62",62,"2018-08-23",0,"mandima"
"63",63,"2019-01-03",0,"mandima"
"64",64,"2018-07-19",0,"mandima"
"65",65,"2018-10-04",4,"mandima"
"66",66,"2018-08-16",0,"mandima"
"67",67,"2018-09-06",16,"mandima"
"68",68,"2019-05-23",0,"mandima"
"69",69,"2018-12-06",0,"mandima"
"70",70,"2019-04-18",0,"mandima"
"71",71,"2019-06-20",1,"mandima"
"72",72,"2018-09-06",0,"mandima"
"73",73,"2019-01-24",1,"mandima"
"74",74,"2018-11-22",0,"mandima"
"75",75,"2018-10-11",1,"mandima"
"76",76,"2019-08-29",0,"mandima"
"77",77,"2018-12-06",0,"mandima"
"78",78,"2019-05-30",2,"mandima"
"79",79,"2019-01-24",0,"mandima"
"80",80,"2019-04-25",0,"mandima"
"81",81,"2019-07-25",0,"mandima"
"82",82,"2019-08-15",1,"mandima"
"83",83,"2018-07-12",0,"mandima"
"84",84,"2019-08-29",32,"mandima"
"85",85,"2019-08-29",0,"mandima"
"86",86,"2019-05-16",0,"mandima"
"87",87,"2018-08-09",0,"mandima"
"88",88,"2018-11-22",1,"mandima"
"89",89,"2019-08-29",1,"mandima"
"90",90,"2019-08-22",0,"mandima"
"91",91,"2018-10-18",0,"mandima"
"92",92,"2018-12-13",0,"mandima"
"93",93,"2018-10-04",1,"mandima"
"94",94,"2018-12-27",0,"mandima"
"95",95,"2018-10-04",0,"mandima"
"96",96,"2018-12-13",0,"mandima"
"97",97,"2018-10-04",0,"mandima"
"98",98,"2018-11-22",0,"mandima"
"99",99,"2018-08-09",3,"mandima"
"100",100,"2019-01-31",0,"mandima"
"101",101,"2018-11-01",0,"mandima"
"102",102,"2019-03-14",0,"mandima"
"103",103,"2019-04-11",0,"mandima"
"104",104,"2019-06-13",0,"mandima"
"105",105,"2019-04-25",0,"mandima"
"106",106,"2018-12-27",12,"mandima"
"107",107,"2019-04-11",0,"mandima"
"108",108,"2019-08-29",0,"mandima"
"109",109,"2018-10-25",0,"mandima"
"110",110,"2018-08-16",1,"mandima"
"111",111,"2018-10-18",1,"mandima"
"112",112,"2019-03-21",2,"mandima"
"113",113,"2018-11-29",0,"mandima"
"114",114,"2019-01-03",0,"mandima"
"115",115,"2019-03-07",0,"mandima"
"116",116,"2019-07-11",1,"mandima"
"117",117,"2018-08-02",0,"mandima"
"118",118,"2019-08-01",6,"mandima"
"119",119,"2019-03-28",12,"mandima"
"120",120,"2019-08-15",1,"mandima"
"121",121,"2018-12-27",0,"mandima"
"122",122,"2019-01-10",0,"mandima"
"123",123,"2019-03-14",1,"mabalako"
"124",124,"2018-09-20",0,"mabalako"
"125",125,"2019-05-02",2,"mabalako"
"126",126,"2019-07-04",0,"mabalako"
"127",127,"2018-12-06",0,"mabalako"
"128",128,"2019-04-11",0,"mabalako"
"129",129,"2019-01-31",0,"mabalako"
"130",130,"2019-06-20",1,"mabalako"
"131",131,"2018-12-27",0,"mabalako"
"132",132,"2018-07-12",0,"mabalako"
"133",133,"2019-04-04",1,"mabalako"
"134",134,"2019-06-20",1,"mabalako"
"135",135,"2019-02-21",0,"mabalako"
"136",136,"2018-08-16",2,"mabalako"
"137",137,"2018-10-11",0,"mabalako"
"138",138,"2018-11-15",0,"mabalako"
"139",139,"2018-08-30",0,"mabalako"
"140",140,"2018-09-06",0,"mabalako"
"141",141,"2019-08-29",0,"mabalako"
"142",142,"2018-09-13",0,"mabalako"
"143",143,"2019-01-10",0,"mabalako"
"144",144,"2019-02-28",1,"mabalako"
"145",145,"2018-07-26",17,"mabalako"
"146",146,"2019-01-03",0,"mabalako"
"147",147,"2018-11-22",0,"mabalako"
"148",148,"2018-08-09",4,"mabalako"
"149",149,"2018-12-20",3,"mabalako"
"150",150,"2018-09-06",0,"mabalako"
"151",151,"2019-08-01",0,"mabalako"
"152",152,"2018-12-27",0,"mabalako"
"153",153,"2019-03-21",0,"mabalako"
"154",154,"2018-11-29",0,"mabalako"
"155",155,"2019-01-17",0,"mabalako"
"156",156,"2018-10-25",0,"mabalako"
"157",157,"2019-06-20",0,"mabalako"
"158",158,"2018-08-02",2,"mabalako"
"159",159,"2019-05-23",0,"mabalako"
"160",160,"2019-02-07",0,"mabalako"
"161",161,"2018-11-29",17,"mabalako"
"162",162,"2018-11-08",7,"mabalako"
"163",163,"2019-04-11",3,"mabalako"
"164",164,"2019-01-10",0,"mabalako"
"165",165,"2018-08-09",2,"mabalako"
"166",166,"2019-04-25",0,"mabalako"
"167",167,"2018-10-04",0,"mabalako"
"168",168,"2019-03-21",0,"mabalako"
"169",169,"2019-01-31",0,"mabalako"
"170",170,"2019-03-28",3,"mabalako"
"171",171,"2019-07-18",0,"mabalako"
"172",172,"2019-02-21",0,"mabalako"
"173",173,"2019-08-22",0,"mabalako"
"174",174,"2018-12-06",3,"mabalako"
"175",175,"2019-01-17",4,"mabalako"
"176",176,"2018-09-20",0,"mabalako"
"177",177,"2019-08-08",0,"mabalako"
"178",178,"2019-02-14",0,"mabalako"
"179",179,"2019-05-09",0,"mabalako"
"180",180,"2018-08-16",0,"mabalako"
"181",181,"2019-05-16",0,"mabalako"
"182",182,"2019-08-22",7,"mabalako"
"183",183,"2019-02-07",2,"mabalako"
"184",184,"2018-08-23",1,"beni"
"185",185,"2019-01-31",0,"beni"
"186",186,"2019-01-24",0,"beni"
"187",187,"2019-03-28",0,"beni"
"188",188,"2018-07-12",0,"beni"
"189",189,"2018-10-25",3,"beni"
"190",190,"2018-11-08",18,"beni"
"191",191,"2018-09-06",0,"beni"
"192",192,"2019-05-30",1,"beni"
"193",193,"2019-02-28",1,"beni"
"194",194,"2018-12-06",0,"beni"
"195",195,"2018-08-02",3,"beni"
"196",196,"2019-02-21",0,"beni"
"197",197,"2019-04-25",0,"beni"
"198",198,"2019-07-04",0,"beni"
"199",199,"2019-03-14",0,"beni"
"200",200,"2018-11-22",1,"beni"
"201",201,"2019-05-02",2,"beni"
"202",202,"2018-12-20",14,"beni"
"203",203,"2018-09-27",0,"beni"
"204",204,"2018-10-04",0,"beni"
"205",205,"2018-10-04",0,"beni"
"206",206,"2018-09-20",0,"beni"
"207",207,"2018-09-27",1,"beni"
"208",208,"2019-01-03",0,"beni"
"209",209,"2019-04-04",0,"beni"
"210",210,"2019-07-18",0,"beni"
"211",211,"2019-08-22",2,"beni"
"212",212,"2018-07-19",0,"beni"
"213",213,"2019-06-13",5,"beni"
"214",214,"2018-12-27",0,"beni"
"215",215,"2018-07-12",0,"beni"
"216",216,"2019-05-30",0,"beni"
"217",217,"2019-01-03",0,"beni"
"218",218,"2019-03-21",1,"beni"
"219",219,"2019-09-05",0,"beni"
"220",220,"2019-07-18",0,"beni"
"221",221,"2018-08-02",0,"beni"
"222",222,"2019-06-27",0,"beni"
"223",223,"2018-07-12",0,"beni"
"224",224,"2019-05-02",0,"beni"
"225",225,"2019-03-07",3,"beni"
"226",226,"2018-09-06",2,"beni"
"227",227,"2018-09-13",0,"beni"
"228",228,"2018-08-02",0,"beni"
"229",229,"2019-08-08",0,"beni"
"230",230,"2018-11-15",1,"beni"
"231",231,"2019-03-21",1,"beni"
"232",232,"2018-08-02",4,"beni"
"233",233,"2019-09-05",0,"beni"
"234",234,"2018-08-16",0,"beni"
"235",235,"2019-07-04",0,"beni"
"236",236,"2019-03-07",0,"beni"
"237",237,"2019-01-03",2,"beni"
"238",238,"2019-05-02",0,"beni"
"239",239,"2019-01-10",1,"beni"
"240",240,"2018-08-02",0,"beni"
"241",241,"2018-08-23",0,"beni"
"242",242,"2019-08-15",1,"beni"
"243",243,"2018-09-13",0,"beni"
"244",244,"2019-05-02",0,"beni"
"245",245,"2019-02-28",0,"oicha"
"246",246,"2019-08-01",0,"oicha"
"247",247,"2019-08-22",0,"oicha"
"248",248,"2019-01-24",0,"oicha"
"249",249,"2018-10-25",1,"oicha"
"250",250,"2019-08-22",0,"oicha"
"251",251,"2018-11-08",0,"oicha"
"252",252,"2018-12-06",0,"oicha"
"253",253,"2018-11-29",1,"oicha"
"254",254,"2019-01-10",1,"oicha"
"255",255,"2018-09-13",2,"oicha"
"256",256,"2018-08-16",1,"oicha"
"257",257,"2019-01-31",2,"oicha"
"258",258,"2018-08-09",0,"oicha"
"259",259,"2018-10-04",0,"oicha"
"260",260,"2019-01-03",0,"oicha"
"261",261,"2019-07-11",0,"oicha"
"262",262,"2019-01-03",0,"oicha"
"263",263,"2019-05-30",0,"oicha"
"264",264,"2019-08-15",0,"oicha"
"265",265,"2018-12-06",0,"oicha"
"266",266,"2018-10-11",3,"oicha"
"267",267,"2019-01-03",2,"oicha"
"268",268,"2018-08-23",0,"oicha"
"269",269,"2019-08-15",0,"oicha"
"270",270,"2019-01-24",0,"oicha"
"271",271,"2018-11-22",0,"oicha"
"272",272,"2018-09-27",0,"oicha"
"273",273,"2019-01-03",0,"oicha"
"274",274,"2018-09-20",0,"oicha"
"275",275,"2018-11-15",0,"oicha"
"276",276,"2019-04-25",1,"oicha"
"277",277,"2019-08-08",0,"oicha"
"278",278,"2019-03-14",0,"oicha"
"279",279,"2019-01-24",0,"oicha"
"280",280,"2019-03-07",12,"oicha"
"281",281,"2019-06-06",1,"oicha"
"282",282,"2019-04-04",0,"oicha"
"283",283,"2019-06-13",0,"oicha"
"284",284,"2018-11-15",0,"oicha"
"285",285,"2018-11-15",0,"oicha"
"286",286,"2018-08-30",0,"oicha"
"287",287,"2018-11-15",0,"oicha"
"288",288,"2019-05-16",0,"oicha"
"289",289,"2019-01-03",0,"oicha"
"290",290,"2019-01-31",0,"oicha"
"291",291,"2019-08-08",0,"oicha"
"292",292,"2018-10-18",0,"oicha"
"293",293,"2019-05-30",2,"oicha"
"294",294,"2019-01-17",1,"oicha"
"295",295,"2018-09-20",0,"oicha"
"296",296,"2019-04-18",0,"oicha"
"297",297,"2019-04-18",7,"oicha"
"298",298,"2019-08-15",1,"oicha"
"299",299,"2019-04-18",0,"oicha"
"300",300,"2019-07-25",0,"oicha"
"301",301,"2018-12-27",0,"oicha"
"302",302,"2018-10-18",0,"oicha"
"303",303,"2019-07-18",0,"oicha"
"304",304,"2019-03-07",28,"oicha"
"305",305,"2019-05-09",1,"oicha"
"306",306,"2019-02-21",1,"butembo"
"307",307,"2018-12-13",0,"butembo"
"308",308,"2019-08-08",1,"butembo"
"309",309,"2018-10-18",0,"butembo"
"310",310,"2019-05-23",19,"butembo"
"311",311,"2019-03-21",0,"butembo"
"312",312,"2018-11-08",0,"butembo"
"313",313,"2019-07-04",0,"butembo"
"314",314,"2019-03-07",0,"butembo"
"315",315,"2019-04-25",1,"butembo"
"316",316,"2019-07-18",0,"butembo"
"317",317,"2019-02-21",9,"butembo"
"318",318,"2019-02-14",0,"butembo"
"319",319,"2019-04-11",0,"butembo"
"320",320,"2018-10-18",7,"butembo"
"321",321,"2019-05-23",14,"butembo"
"322",322,"2018-08-02",0,"butembo"
"323",323,"2019-03-14",0,"butembo"
"324",324,"2019-08-01",1,"butembo"
"325",325,"2019-04-04",0,"butembo"
"326",326,"2018-09-06",0,"butembo"
"327",327,"2019-04-18",4,"butembo"
"328",328,"2019-08-08",0,"butembo"
"329",329,"2018-11-01",2,"butembo"
"330",330,"2019-02-07",0,"butembo"
"331",331,"2018-11-29",0,"butembo"
"332",332,"2018-09-06",0,"butembo"
"333",333,"2019-09-05",1,"butembo"
"334",334,"2018-11-29",7,"butembo"
"335",335,"2019-08-29",2,"butembo"
"336",336,"2018-08-02",8,"butembo"
"337",337,"2019-02-14",7,"butembo"
"338",338,"2019-05-09",0,"butembo"
"339",339,"2018-08-09",1,"butembo"
"340",340,"2018-11-08",0,"butembo"
"341",341,"2018-12-06",5,"butembo"
"342",342,"2018-11-29",0,"butembo"
"343",343,"2018-07-12",2,"butembo"
"344",344,"2018-09-20",0,"butembo"
"345",345,"2018-07-26",4,"butembo"
"346",346,"2019-05-02",0,"butembo"
"347",347,"2018-12-20",4,"butembo"
"348",348,"2018-11-08",0,"butembo"
"349",349,"2019-04-18",0,"butembo"
"350",350,"2019-02-21",0,"butembo"
"351",351,"2019-02-21",0,"butembo"
"352",352,"2019-03-21",0,"butembo"
"353",353,"2018-11-22",0,"butembo"
"354",354,"2018-08-23",0,"butembo"
"355",355,"2019-02-07",2,"butembo"
"356",356,"2019-01-24",0,"butembo"
"357",357,"2018-08-09",0,"butembo"
"358",358,"2018-11-01",1,"butembo"
"359",359,"2018-11-22",0,"butembo"
"360",360,"2018-10-11",0,"butembo"
"361",361,"2018-12-27",0,"butembo"
"362",362,"2018-08-23",0,"butembo"
"363",363,"2019-04-04",0,"butembo"
"364",364,"2018-08-16",0,"butembo"
"365",365,"2019-05-02",3,"butembo"
"366",366,"2019-08-01",0,"butembo"
"367",367,"2018-09-27",2,"tchomia"
"368",368,"2019-01-17",0,"tchomia"
"369",369,"2018-08-23",5,"tchomia"
"370",370,"2018-08-09",40,"tchomia"
"371",371,"2018-08-09",0,"tchomia"
"372",372,"2018-11-15",0,"tchomia"
"373",373,"2019-07-04",2,"tchomia"
"374",374,"2019-08-29",0,"tchomia"
"375",375,"2018-09-13",0,"tchomia"
"376",376,"2018-11-22",0,"tchomia"
"377",377,"2019-06-06",0,"tchomia"
"378",378,"2018-11-22",0,"tchomia"
"379",379,"2018-10-18",1,"tchomia"
"380",380,"2018-12-27",1,"tchomia"
"381",381,"2018-07-19",0,"tchomia"
"382",382,"2019-07-11",0,"tchomia"
"383",383,"2019-02-28",0,"tchomia"
"384",384,"2019-01-31",0,"tchomia"
"385",385,"2018-09-20",0,"tchomia"
"386",386,"2018-08-09",17,"tchomia"
"387",387,"2018-10-25",0,"tchomia"
"388",388,"2019-03-07",0,"tchomia"
"389",389,"2019-05-30",2,"tchomia"
"390",390,"2019-01-03",0,"tchomia"
"391",391,"2018-07-12",0,"tchomia"
"392",392,"2018-08-16",0,"tchomia"
"393",393,"2018-09-27",0,"tchomia"
"394",394,"2019-02-07",0,"tchomia"
"395",395,"2018-08-09",0,"tchomia"
"396",396,"2019-06-20",0,"tchomia"
"397",397,"2019-06-20",0,"tchomia"
"398",398,"2018-07-26",0,"tchomia"
"399",399,"2019-08-01",3,"tchomia"
"400",400,"2019-01-17",6,"tchomia"
"401",401,"2019-06-27",0,"tchomia"
"402",402,"2019-04-11",0,"tchomia"
"403",403,"2019-07-25",0,"tchomia"
"404",404,"2019-09-05",0,"tchomia"
"405",405,"2019-01-31",0,"tchomia"
"406",406,"2018-12-27",1,"tchomia"
"407",407,"2019-07-04",0,"tchomia"
"408",408,"2019-01-31",10,"tchomia"
"409",409,"2019-07-25",9,"tchomia"
"410",410,"2018-10-11",0,"tchomia"
"411",411,"2018-12-27",4,"tchomia"
"412",412,"2018-08-23",0,"tchomia"
"413",413,"2019-04-18",0,"tchomia"
"414",414,"2019-05-09",0,"tchomia"
"415",415,"2019-01-10",0,"tchomia"
"416",416,"2019-05-09",1,"tchomia"
"417",417,"2018-11-08",0,"tchomia"
"418",418,"2019-05-02",5,"tchomia"
"419",419,"2018-08-16",1,"tchomia"
"420",420,"2018-12-20",0,"tchomia"
"421",421,"2018-09-27",1,"tchomia"
"422",422,"2019-05-23",2,"tchomia"
"423",423,"2019-05-09",9,"tchomia"
"424",424,"2018-12-20",0,"tchomia"
"425",425,"2019-04-11",1,"tchomia"
"426",426,"2019-07-25",0,"tchomia"
"427",427,"2019-02-07",0,"tchomia"
"428",428,"2019-03-14",0,"katwa"
"429",429,"2018-12-20",0,"katwa"
"430",430,"2019-07-25",0,"katwa"
"431",431,"2019-04-18",0,"katwa"
"432",432,"2019-04-11",1,"katwa"
"433",433,"2018-08-16",0,"katwa"
"434",434,"2018-10-11",0,"katwa"
"435",435,"2019-03-28",0,"katwa"
"436",436,"2019-03-21",19,"katwa"
"437",437,"2019-06-06",3,"katwa"
"438",438,"2018-11-15",0,"katwa"
"439",439,"2019-02-07",0,"katwa"
"440",440,"2019-01-24",0,"katwa"
"441",441,"2018-09-06",0,"katwa"
"442",442,"2019-06-06",1,"katwa"
"443",443,"2019-04-25",0,"katwa"
"444",444,"2018-12-13",0,"katwa"
"445",445,"2019-02-21",0,"katwa"
"446",446,"2019-07-04",0,"katwa"
"447",447,"2019-05-02",10,"katwa"
"448",448,"2018-09-27",0,"katwa"
"449",449,"2018-09-20",0,"katwa"
"450",450,"2018-12-20",0,"katwa"
"451",451,"2018-10-04",0,"katwa"
"452",452,"2019-04-25",0,"katwa"
"453",453,"2019-06-06",0,"katwa"
"454",454,"2019-04-18",0,"katwa"
"455",455,"2019-05-23",0,"katwa"
"456",456,"2018-10-11",0,"katwa"
"457",457,"2018-12-27",0,"katwa"
"458",458,"2019-07-18",1,"katwa"
"459",459,"2019-08-29",0,"katwa"
"460",460,"2018-10-25",0,"katwa"
"461",461,"2018-12-06",9,"katwa"
"462",462,"2019-03-28",1,"katwa"
"463",463,"2019-04-11",0,"katwa"
"464",464,"2018-09-20",0,"katwa"
"465",465,"2019-01-10",0,"katwa"
"466",466,"2019-06-27",1,"katwa"
"467",467,"2019-07-25",1,"katwa"
"468",468,"2018-07-12",0,"katwa"
"469",469,"2018-12-06",0,"katwa"
"470",470,"2019-05-23",5,"katwa"
"471",471,"2019-01-03",0,"katwa"
"472",472,"2019-07-11",4,"katwa"
"473",473,"2018-12-06",1,"katwa"
"474",474,"2018-11-22",0,"katwa"
"475",475,"2019-03-21",0,"katwa"
"476",476,"2018-10-11",6,"katwa"
"477",477,"2019-03-07",0,"katwa"
"478",478,"2018-07-19",2,"katwa"
"479",479,"2019-08-15",13,"katwa"
"480",480,"2019-06-27",5,"katwa"
"481",481,"2019-07-11",1,"katwa"
"482",482,"2018-08-23",0,"katwa"
"483",483,"2019-02-21",5,"katwa"
"484",484,"2019-01-10",0,"katwa"
"485",485,"2018-08-30",0,"katwa"
"486",486,"2019-08-01",2,"katwa"
"487",487,"2018-07-12",6,"katwa"
"488",488,"2019-05-09",3,"katwa"
"489",489,"2019-07-11",0,"masereka"
"490",490,"2018-10-04",0,"masereka"
"491",491,"2019-08-29",0,"masereka"
"492",492,"2018-12-27",6,"masereka"
"493",493,"2019-09-05",0,"masereka"
"494",494,"2019-02-21",0,"masereka"
"495",495,"2018-11-29",0,"masereka"
"496",496,"2019-08-29",0,"masereka"
"497",497,"2019-08-29",16,"masereka"
"498",498,"2019-03-14",0,"masereka"
"499",499,"2019-01-03",0,"masereka"
"500",500,"2018-07-19",0,"masereka"
"501",501,"2018-10-25",0,"masereka"
"502",502,"2018-10-11",2,"masereka"
"503",503,"2019-01-24",2,"masereka"
"504",504,"2019-04-04",6,"masereka"
"505",505,"2019-06-06",0,"masereka"
"506",506,"2019-07-11",0,"masereka"
"507",507,"2018-10-25",0,"masereka"
"508",508,"2018-12-06",2,"masereka"
"509",509,"2019-03-28",0,"masereka"
"510",510,"2019-01-03",0,"masereka"
"511",511,"2018-10-18",22,"masereka"
"512",512,"2018-07-26",0,"masereka"
"513",513,"2019-01-31",0,"masereka"
"514",514,"2018-09-27",9,"masereka"
"515",515,"2019-02-28",0,"masereka"
"516",516,"2018-11-01",0,"masereka"
"517",517,"2019-06-06",0,"masereka"
"518",518,"2018-08-02",0,"masereka"
"519",519,"2019-03-28",1,"masereka"
"520",520,"2019-07-11",3,"masereka"
"521",521,"2019-03-14",0,"masereka"
"522",522,"2018-11-29",0,"masereka"
"523",523,"2019-06-06",1,"masereka"
"524",524,"2019-02-28",0,"masereka"
"525",525,"2019-04-11",0,"masereka"
"526",526,"2018-08-09",0,"masereka"
"527",527,"2019-03-07",0,"masereka"
"528",528,"2018-12-20",0,"masereka"
"529",529,"2019-01-10",0,"masereka"
"530",530,"2018-07-19",0,"masereka"
"531",531,"2019-05-02",0,"masereka"
"532",532,"2018-09-27",1,"masereka"
"533",533,"2019-04-25",0,"masereka"
"534",534,"2018-09-20",0,"masereka"
"535",535,"2019-08-01",7,"masereka"
"536",536,"2019-06-13",0,"masereka"
"537",537,"2019-02-07",0,"masereka"
"538",538,"2019-07-04",0,"masereka"
"539",539,"2019-03-21",1,"masereka"
"540",540,"2018-10-04",0,"masereka"
"541",541,"2018-10-04",0,"masereka"
"542",542,"2018-11-29",14,"masereka"
"543",543,"2019-07-25",0,"masereka"
"544",544,"2018-09-20",0,"masereka"
"545",545,"2018-10-04",2,"masereka"
"546",546,"2019-09-05",0,"masereka"
"547",547,"2019-07-11",0,"masereka"
"548",548,"2018-08-02",0,"masereka"
"549",549,"2019-07-25",0,"masereka"
"550",550,"2019-09-05",0,"kalunguta"
"551",551,"2019-02-14",1,"kalunguta"
"552",552,"2019-02-21",0,"kalunguta"
"553",553,"2019-06-13",0,"kalunguta"
"554",554,"2018-09-06",0,"kalunguta"
"555",555,"2019-04-25",0,"kalunguta"
"556",556,"2018-10-11",0,"kalunguta"
"557",557,"2019-07-04",20,"kalunguta"
"558",558,"2019-08-08",0,"kalunguta"
"559",559,"2018-07-26",0,"kalunguta"
"560",560,"2018-12-20",0,"kalunguta"
"561",561,"2018-07-12",0,"kalunguta"
"562",562,"2018-11-15",0,"kalunguta"
"563",563,"2018-12-20",0,"kalunguta"
"564",564,"2019-02-21",1,"kalunguta"
"565",565,"2018-09-13",0,"kalunguta"
"566",566,"2019-04-25",0,"kalunguta"
"567",567,"2019-07-04",1,"kalunguta"
"568",568,"2019-04-04",0,"kalunguta"
"569",569,"2019-04-25",16,"kalunguta"
"570",570,"2019-08-01",0,"kalunguta"
"571",571,"2018-10-18",0,"kalunguta"
"572",572,"2019-07-11",50,"kalunguta"
"573",573,"2018-08-09",0,"kalunguta"
"574",574,"2018-10-25",0,"kalunguta"
"575",575,"2018-08-30",0,"kalunguta"
"576",576,"2019-03-28",4,"kalunguta"
"577",577,"2019-04-04",0,"kalunguta"
"578",578,"2019-02-21",0,"kalunguta"
"579",579,"2018-08-16",0,"kalunguta"
"580",580,"2019-06-13",0,"kalunguta"
"581",581,"2018-11-08",6,"kalunguta"
"582",582,"2019-01-31",0,"kalunguta"
"583",583,"2019-04-25",0,"kalunguta"
"584",584,"2018-11-15",3,"kalunguta"
"585",585,"2019-07-18",0,"kalunguta"
"586",586,"2019-03-28",0,"kalunguta"
"587",587,"2019-07-25",1,"kalunguta"
"588",588,"2018-09-06",0,"kalunguta"
"589",589,"2018-11-29",1,"kalunguta"
"590",590,"2018-11-01",0,"kalunguta"
"591",591,"2019-05-23",0,"kalunguta"
"592",592,"2019-05-30",0,"kalunguta"
"593",593,"2019-06-20",1,"kalunguta"
"594",594,"2019-07-25",0,"kalunguta"
"595",595,"2018-07-12",1,"kalunguta"
"596",596,"2019-08-22",0,"kalunguta"
"597",597,"2019-02-21",1,"kalunguta"
"598",598,"2019-08-08",3,"kalunguta"
"599",599,"2019-08-01",11,"kalunguta"
"600",600,"2018-08-09",0,"kalunguta"
"601",601,"2019-08-22",0,"kalunguta"
"602",602,"2019-07-25",0,"kalunguta"
"603",603,"2018-12-27",1,"kalunguta"
"604",604,"2018-09-20",0,"kalunguta"
"605",605,"2018-08-09",0,"kalunguta"
"606",606,"2018-10-11",0,"kalunguta"
"607",607,"2018-09-13",19,"kalunguta"
"608",608,"2019-02-14",6,"kalunguta"
"609",609,"2019-07-25",0,"kalunguta"
"610",610,"2018-09-27",0,"kalunguta"
"611",611,"2018-08-02",1,"vuhovi"
"612",612,"2018-11-15",1,"vuhovi"
"613",613,"2019-02-07",0,"vuhovi"
"614",614,"2018-07-19",7,"vuhovi"
"615",615,"2018-08-23",0,"vuhovi"
"616",616,"2018-07-26",9,"vuhovi"
"617",617,"2019-03-14",0,"vuhovi"
"618",618,"2019-01-31",0,"vuhovi"
"619",619,"2019-06-13",0,"vuhovi"
"620",620,"2019-03-14",2,"vuhovi"
"621",621,"2019-08-01",9,"vuhovi"
"622",622,"2019-07-25",0,"vuhovi"
"623",623,"2019-03-28",0,"vuhovi"
"624",624,"2019-02-21",0,"vuhovi"
"625",625,"2019-05-09",10,"vuhovi"
"626",626,"2018-08-09",22,"vuhovi"
"627",627,"2018-07-19",1,"vuhovi"
"628",628,"2019-01-24",0,"vuhovi"
"629",629,"2019-07-04",0,"vuhovi"
"630",630,"2019-07-11",0,"vuhovi"
"631",631,"2019-06-27",1,"vuhovi"
"632",632,"2018-12-06",0,"vuhovi"
"633",633,"2018-10-25",0,"vuhovi"
"634",634,"2018-09-13",0,"vuhovi"
"635",635,"2018-11-08",0,"vuhovi"
"636",636,"2019-06-20",0,"vuhovi"
"637",637,"2019-07-11",1,"vuhovi"
"638",638,"2018-12-20",0,"vuhovi"
"639",639,"2019-08-15",0,"vuhovi"
"640",640,"2019-06-06",0,"vuhovi"
"641",641,"2019-03-28",0,"vuhovi"
"642",642,"2019-08-22",0,"vuhovi"
"643",643,"2019-06-20",0,"vuhovi"
"644",644,"2018-12-06",2,"vuhovi"
"645",645,"2019-02-07",0,"vuhovi"
"646",646,"2018-08-30",12,"vuhovi"
"647",647,"2019-06-13",0,"vuhovi"
"648",648,"2018-12-13",0,"vuhovi"
"649",649,"2018-10-04",0,"vuhovi"
"650",650,"2018-10-04",0,"vuhovi"
"651",651,"2019-02-21",11,"vuhovi"
"652",652,"2018-11-01",1,"vuhovi"
"653",653,"2018-09-13",0,"vuhovi"
"654",654,"2019-02-21",7,"vuhovi"
"655",655,"2018-07-12",5,"vuhovi"
"656",656,"2018-07-26",38,"vuhovi"
"657",657,"2019-05-02",0,"vuhovi"
"658",658,"2019-02-28",1,"vuhovi"
"659",659,"2018-11-01",0,"vuhovi"
"660",660,"2019-05-02",0,"vuhovi"
"661",661,"2018-07-19",0,"vuhovi"
"662",662,"2019-02-07",0,"vuhovi"
"663",663,"2019-07-25",3,"vuhovi"
"664",664,"2019-02-28",3,"vuhovi"
"665",665,"2019-01-03",2,"vuhovi"
"666",666,"2018-08-30",1,"vuhovi"
"667",667,"2019-08-22",1,"vuhovi"
"668",668,"2019-06-13",1,"vuhovi"
"669",669,"2019-04-25",7,"vuhovi"
"670",670,"2018-09-27",0,"vuhovi"
"671",671,"2019-08-01",0,"vuhovi"
"672",672,"2018-07-12",0,"kyondo"
"673",673,"2019-01-10",44,"kyondo"
"674",674,"2019-03-21",0,"kyondo"
"675",675,"2019-08-15",6,"kyondo"
"676",676,"2018-12-06",0,"kyondo"
"677",677,"2019-05-09",1,"kyondo"
"678",678,"2018-08-16",0,"kyondo"
"679",679,"2019-09-05",0,"kyondo"
"680",680,"2018-07-19",1,"kyondo"
"681",681,"2019-06-06",0,"kyondo"
"682",682,"2018-12-06",0,"kyondo"
"683",683,"2018-07-19",41,"kyondo"
"684",684,"2018-07-26",0,"kyondo"
"685",685,"2018-08-02",5,"kyondo"
"686",686,"2018-10-04",0,"kyondo"
"687",687,"2019-06-13",0,"kyondo"
"688",688,"2018-09-20",0,"kyondo"
"689",689,"2018-12-20",0,"kyondo"
"690",690,"2019-06-20",1,"kyondo"
"691",691,"2019-03-14",1,"kyondo"
"692",692,"2018-11-15",1,"kyondo"
"693",693,"2019-07-25",0,"kyondo"
"694",694,"2019-07-18",7,"kyondo"
"695",695,"2018-11-01",1,"kyondo"
"696",696,"2018-08-30",0,"kyondo"
"697",697,"2018-10-11",0,"kyondo"
"698",698,"2019-08-22",4,"kyondo"
"699",699,"2018-11-29",0,"kyondo"
"700",700,"2018-08-09",21,"kyondo"
"701",701,"2019-03-21",0,"kyondo"
"702",702,"2018-08-30",1,"kyondo"
"703",703,"2019-03-07",3,"kyondo"
"704",704,"2018-09-13",0,"kyondo"
"705",705,"2019-05-16",0,"kyondo"
"706",706,"2018-12-27",0,"kyondo"
"707",707,"2019-08-29",0,"kyondo"
"708",708,"2018-08-09",0,"kyondo"
"709",709,"2019-08-08",6,"kyondo"
"710",710,"2018-08-30",0,"kyondo"
"711",711,"2018-12-20",0,"kyondo"
"712",712,"2019-05-09",0,"kyondo"
"713",713,"2018-12-20",0,"kyondo"
"714",714,"2019-07-11",0,"kyondo"
"715",715,"2018-11-01",0,"kyondo"
"716",716,"2018-07-12",1,"kyondo"
"717",717,"2019-01-10",0,"kyondo"
"718",718,"2018-10-11",3,"kyondo"
"719",719,"2018-08-16",0,"kyondo"
"720",720,"2018-08-23",0,"kyondo"
"721",721,"2019-08-15",0,"kyondo"
"722",722,"2018-08-16",0,"kyondo"
"723",723,"2019-04-18",0,"kyondo"
"724",724,"2019-04-25",0,"kyondo"
"725",725,"2018-12-13",1,"kyondo"
"726",726,"2019-09-05",0,"kyondo"
"727",727,"2018-09-13",0,"kyondo"
"728",728,"2019-09-05",0,"kyondo"
"729",729,"2019-04-18",3,"kyondo"
"730",730,"2019-04-25",6,"kyondo"
"731",731,"2018-11-01",0,"kyondo"
"732",732,"2019-02-07",0,"kyondo"
"733",733,"2018-07-26",0,"musienene"
"734",734,"2019-05-09",3,"musienene"
"735",735,"2019-04-25",0,"musienene"
"736",736,"2019-08-15",10,"musienene"
"737",737,"2018-08-16",0,"musienene"
"738",738,"2018-09-20",0,"musienene"
"739",739,"2019-05-16",0,"musienene"
"740",740,"2018-10-25",0,"musienene"
"741",741,"2019-01-17",0,"musienene"
"742",742,"2018-08-02",1,"musienene"
"743",743,"2019-07-25",5,"musienene"
"744",744,"2018-11-08",6,"musienene"
"745",745,"2018-07-19",0,"musienene"
"746",746,"2019-02-21",0,"musienene"
"747",747,"2018-11-15",2,"musienene"
"748",748,"2018-10-18",13,"musienene"
"749",749,"2019-06-13",5,"musienene"
"750",750,"2019-08-29",0,"musienene"
"751",751,"2019-01-10",0,"musienene"
"752",752,"2018-09-13",0,"musienene"
"753",753,"2019-01-10",0,"musienene"
"754",754,"2019-03-21",0,"musienene"
"755",755,"2018-08-02",0,"musienene"
"756",756,"2019-08-15",0,"musienene"
"757",757,"2019-01-17",0,"musienene"
"758",758,"2019-05-16",0,"musienene"
"759",759,"2019-03-21",5,"musienene"
"760",760,"2018-08-02",0,"musienene"
"761",761,"2019-03-21",43,"musienene"
"762",762,"2019-01-24",0,"musienene"
"763",763,"2018-11-01",0,"musienene"
"764",764,"2019-05-23",6,"musienene"
"765",765,"2019-05-30",4,"musienene"
"766",766,"2019-04-11",0,"musienene"
"767",767,"2019-03-07",0,"musienene"
"768",768,"2019-02-28",0,"musienene"
"769",769,"2019-06-20",0,"musienene"
"770",770,"2019-04-11",1,"musienene"
"771",771,"2019-05-09",16,"musienene"
"772",772,"2019-06-06",0,"musienene"
"773",773,"2019-03-07",16,"musienene"
"774",774,"2019-05-30",0,"musienene"
"775",775,"2018-10-25",0,"musienene"
"776",776,"2018-08-23",0,"musienene"
"777",777,"2019-08-22",0,"musienene"
"778",778,"2019-01-03",0,"musienene"
"779",779,"2018-11-08",24,"musienene"
"780",780,"2018-12-06",0,"musienene"
"781",781,"2018-11-01",8,"musienene"
"782",782,"2019-08-15",3,"musienene"
"783",783,"2019-09-05",0,"musienene"
"784",784,"2018-10-25",0,"musienene"
"785",785,"2018-12-27",1,"musienene"
"786",786,"2018-08-16",0,"musienene"
"787",787,"2019-05-09",0,"musienene"
"788",788,"2019-08-29",0,"musienene"
"789",789,"2018-12-06",1,"musienene"
"790",790,"2018-10-11",0,"musienene"
"791",791,"2018-08-02",0,"musienene"
"792",792,"2018-07-26",0,"musienene"
"793",793,"2019-08-15",0,"musienene"
"794",794,"2018-10-18",0,"mutwanga"
"795",795,"2019-01-31",0,"mutwanga"
"796",796,"2018-08-02",0,"mutwanga"
"797",797,"2019-01-17",6,"mutwanga"
"798",798,"2019-05-09",0,"mutwanga"
"799",799,"2018-12-27",0,"mutwanga"
"800",800,"2019-06-20",2,"mutwanga"
"801",801,"2019-08-22",0,"mutwanga"
"802",802,"2019-04-18",1,"mutwanga"
"803",803,"2018-09-20",0,"mutwanga"
"804",804,"2019-04-25",0,"mutwanga"
"805",805,"2019-06-20",0,"mutwanga"
"806",806,"2019-04-04",1,"mutwanga"
"807",807,"2019-08-22",12,"mutwanga"
"808",808,"2018-09-20",4,"mutwanga"
"809",809,"2018-11-01",0,"mutwanga"
"810",810,"2019-05-02",10,"mutwanga"
"811",811,"2019-05-16",0,"mutwanga"
"812",812,"2018-07-12",0,"mutwanga"
"813",813,"2019-07-04",0,"mutwanga"
"814",814,"2019-01-03",0,"mutwanga"
"815",815,"2019-02-14",0,"mutwanga"
"816",816,"2019-05-16",0,"mutwanga"
"817",817,"2019-02-14",16,"mutwanga"
"818",818,"2018-11-01",0,"mutwanga"
"819",819,"2019-06-13",11,"mutwanga"
"820",820,"2019-06-06",0,"mutwanga"
"821",821,"2019-07-18",0,"mutwanga"
"822",822,"2019-04-11",1,"mutwanga"
"823",823,"2019-09-05",19,"mutwanga"
"824",824,"2019-08-29",0,"mutwanga"
"825",825,"2019-06-20",2,"mutwanga"
"826",826,"2018-09-06",3,"mutwanga"
"827",827,"2018-10-04",0,"mutwanga"
"828",828,"2019-02-21",0,"mutwanga"
"829",829,"2019-03-28",0,"mutwanga"
"830",830,"2019-03-14",0,"mutwanga"
"831",831,"2019-07-25",3,"mutwanga"
"832",832,"2018-12-20",0,"mutwanga"
"833",833,"2019-04-25",0,"mutwanga"
"834",834,"2019-07-18",12,"mutwanga"
"835",835,"2018-11-29",0,"mutwanga"
"836",836,"2018-11-29",1,"mutwanga"
"837",837,"2019-06-06",0,"mutwanga"
"838",838,"2019-04-25",2,"mutwanga"
"839",839,"2018-12-13",0,"mutwanga"
"840",840,"2019-08-15",0,"mutwanga"
"841",841,"2018-12-06",0,"mutwanga"
"842",842,"2019-05-02",0,"mutwanga"
"843",843,"2019-04-25",0,"mutwanga"
"844",844,"2019-02-21",0,"mutwanga"
"845",845,"2018-10-25",0,"mutwanga"
"846",846,"2019-02-14",0,"mutwanga"
"847",847,"2018-10-18",0,"mutwanga"
"848",848,"2019-01-31",0,"mutwanga"
"849",849,"2018-07-12",0,"mutwanga"
"850",850,"2019-02-14",0,"mutwanga"
"851",851,"2018-09-06",0,"mutwanga"
"852",852,"2018-09-27",1,"mutwanga"
"853",853,"2019-04-25",0,"mutwanga"
"854",854,"2018-12-06",0,"mutwanga"
"855",855,"2019-06-20",0,"biena"
"856",856,"2019-08-29",2,"biena"
"857",857,"2019-06-27",0,"biena"
"858",858,"2018-07-19",1,"biena"
"859",859,"2018-08-02",0,"biena"
"860",860,"2018-08-23",5,"biena"
"861",861,"2019-01-17",9,"biena"
"862",862,"2018-07-19",0,"biena"
"863",863,"2019-01-24",0,"biena"
"864",864,"2019-08-29",0,"biena"
"865",865,"2018-10-18",0,"biena"
"866",866,"2019-01-10",0,"biena"
"867",867,"2018-11-29",0,"biena"
"868",868,"2018-09-27",1,"biena"
"869",869,"2018-09-06",0,"biena"
"870",870,"2019-07-04",0,"biena"
"871",871,"2019-01-31",0,"biena"
"872",872,"2019-06-06",0,"biena"
"873",873,"2019-03-28",0,"biena"
"874",874,"2019-03-14",0,"biena"
"875",875,"2019-01-03",4,"biena"
"876",876,"2018-09-13",0,"biena"
"877",877,"2019-05-23",0,"biena"
"878",878,"2019-06-20",1,"biena"
"879",879,"2019-07-18",0,"biena"
"880",880,"2019-08-01",0,"biena"
"881",881,"2018-11-08",1,"biena"
"882",882,"2018-07-26",0,"biena"
"883",883,"2019-08-08",2,"biena"
"884",884,"2018-09-27",0,"biena"
"885",885,"2019-02-21",3,"biena"
"886",886,"2018-08-16",0,"biena"
"887",887,"2019-02-14",0,"biena"
"888",888,"2018-10-04",0,"biena"
"889",889,"2018-12-13",1,"biena"
"890",890,"2018-08-02",0,"biena"
"891",891,"2018-08-02",4,"biena"
"892",892,"2019-05-30",0,"biena"
"893",893,"2019-06-06",0,"biena"
"894",894,"2019-01-17",0,"biena"
"895",895,"2018-10-04",3,"biena"
"896",896,"2018-09-06",0,"biena"
"897",897,"2019-06-13",0,"biena"
"898",898,"2019-08-15",0,"biena"
"899",899,"2019-08-15",0,"biena"
"900",900,"2019-06-13",3,"biena"
"901",901,"2019-06-13",0,"biena"
"902",902,"2019-01-10",0,"biena"
"903",903,"2019-03-21",0,"biena"
"904",904,"2019-04-18",0,"biena"
"905",905,"2018-12-06",0,"biena"
"906",906,"2019-06-13",0,"biena"
"907",907,"2019-01-31",0,"biena"
"908",908,"2018-11-01",1,"biena"
"909",909,"2018-10-04",0,"biena"
"910",910,"2019-07-11",8,"biena"
"911",911,"2019-08-22",4,"biena"
"912",912,"2019-08-01",0,"biena"
"913",913,"2019-03-28",0,"biena"
"914",914,"2019-02-28",0,"biena"
"915",915,"2019-05-23",1,"biena"
"916",916,"2018-08-16",0,"lubero"
"917",917,"2019-07-04",0,"lubero"
"918",918,"2018-12-27",1,"lubero"
"919",919,"2019-05-09",7,"lubero"
"920",920,"2018-09-20",0,"lubero"
"921",921,"2019-01-24",6,"lubero"
"922",922,"2019-04-18",0,"lubero"
"923",923,"2019-04-04",0,"lubero"
"924",924,"2018-07-26",1,"lubero"
"925",925,"2019-08-01",0,"lubero"
"926",926,"2018-08-16",0,"lubero"
"927",927,"2019-04-04",0,"lubero"
"928",928,"2018-09-06",0,"lubero"
"929",929,"2019-08-01",0,"lubero"
"930",930,"2018-09-13",0,"lubero"
"931",931,"2018-07-12",0,"lubero"
"932",932,"2018-07-26",0,"lubero"
"933",933,"2019-08-08",37,"lubero"
"934",934,"2019-04-25",5,"lubero"
"935",935,"2018-12-20",0,"lubero"
"936",936,"2019-05-23",0,"lubero"
"937",937,"2019-06-13",0,"lubero"
"938",938,"2018-12-13",0,"lubero"
"939",939,"2019-08-15",0,"lubero"
"940",940,"2019-01-17",1,"lubero"
"941",941,"2019-08-08",0,"lubero"
"942",942,"2018-11-08",0,"lubero"
"943",943,"2018-10-25",0,"lubero"
"944",944,"2018-12-27",0,"lubero"
"945",945,"2018-09-06",4,"lubero"
"946",946,"2018-12-20",0,"lubero"
"947",947,"2019-04-11",0,"lubero"
"948",948,"2019-04-04",12,"lubero"
"949",949,"2019-03-21",7,"lubero"
"950",950,"2018-12-27",0,"lubero"
"951",951,"2018-08-30",0,"lubero"
"952",952,"2019-08-15",14,"lubero"
"953",953,"2019-06-27",0,"lubero"
"954",954,"2019-01-10",0,"lubero"
"955",955,"2019-01-24",0,"lubero"
"956",956,"2019-03-28",0,"lubero"
"957",957,"2018-07-19",39,"lubero"
"958",958,"2019-04-18",0,"lubero"
"959",959,"2019-02-07",0,"lubero"
"960",960,"2019-08-15",0,"lubero"
"961",961,"2019-07-04",5,"lubero"
"962",962,"2018-11-22",3,"lubero"
"963",963,"2019-04-18",0,"lubero"
"964",964,"2019-08-08",0,"lubero"
"965",965,"2019-06-20",4,"lubero"
"966",966,"2018-09-13",0,"lubero"
"967",967,"2019-09-05",0,"lubero"
"968",968,"2019-05-02",10,"lubero"
"969",969,"2018-12-27",4,"lubero"
"970",970,"2018-08-30",7,"lubero"
"971",971,"2019-05-23",0,"lubero"
"972",972,"2019-01-17",0,"lubero"
"973",973,"2019-07-25",13,"lubero"
"974",974,"2018-11-15",0,"lubero"
"975",975,"2019-05-16",0,"lubero"
"976",976,"2019-07-18",0,"lubero"
"977",977,"2019-02-21",0,"kayna"
"978",978,"2019-03-28",0,"kayna"
"979",979,"2019-09-05",0,"kayna"
"980",980,"2019-07-25",0,"kayna"
"981",981,"2018-07-26",1,"kayna"
"982",982,"2019-05-09",0,"kayna"
"983",983,"2019-03-28",0,"kayna"
"984",984,"2018-08-16",7,"kayna"
"985",985,"2019-06-20",0,"kayna"
"986",986,"2019-01-10",0,"kayna"
"987",987,"2019-03-21",0,"kayna"
"988",988,"2019-04-18",0,"kayna"
"989",989,"2018-12-13",4,"kayna"
"990",990,"2019-03-21",0,"kayna"
"991",991,"2019-04-25",0,"kayna"
"992",992,"2019-01-31",1,"kayna"
"993",993,"2018-12-06",11,"kayna"
"994",994,"2019-08-01",0,"kayna"
"995",995,"2019-02-07",0,"kayna"
"996",996,"2018-08-09",0,"kayna"
"997",997,"2018-11-22",1,"kayna"
"998",998,"2018-08-23",0,"kayna"
"999",999,"2018-12-20",0,"kayna"
"1000",1000,"2018-07-19",0,"kayna"
"1001",1001,"2018-07-12",0,"kayna"
"1002",1002,"2018-10-25",0,"kayna"
"1003",1003,"2018-09-13",20,"kayna"
"1004",1004,"2019-05-30",18,"kayna"
"1005",1005,"2018-10-04",0,"kayna"
"1006",1006,"2018-08-02",0,"kayna"
"1007",1007,"2019-03-28",0,"kayna"
"1008",1008,"2019-01-10",1,"kayna"
"1009",1009,"2018-11-22",5,"kayna"
"1010",1010,"2018-11-15",0,"kayna"
"1011",1011,"2018-11-29",0,"kayna"
"1012",1012,"2019-05-23",0,"kayna"
"1013",1013,"2019-05-16",0,"kayna"
"1014",1014,"2019-03-07",0,"kayna"
"1015",1015,"2018-09-13",0,"kayna"
"1016",1016,"2019-08-22",0,"kayna"
"1017",1017,"2018-10-25",3,"kayna"
"1018",1018,"2018-12-13",0,"kayna"
"1019",1019,"2018-11-15",0,"kayna"
"1020",1020,"2018-09-06",0,"kayna"
"1021",1021,"2018-07-26",0,"kayna"
"1022",1022,"2019-01-10",0,"kayna"
"1023",1023,"2018-12-27",3,"kayna"
"1024",1024,"2019-01-10",0,"kayna"
"1025",1025,"2019-01-24",1,"kayna"
"1026",1026,"2019-04-25",0,"kayna"
"1027",1027,"2019-03-07",0,"kayna"
"1028",1028,"2018-12-13",0,"kayna"
"1029",1029,"2019-07-18",1,"kayna"
"1030",1030,"2019-04-04",0,"kayna"
"1031",1031,"2019-04-18",0,"kayna"
"1032",1032,"2018-08-30",2,"kayna"
"1033",1033,"2019-04-04",2,"kayna"
"1034",1034,"2019-01-31",0,"kayna"
"1035",1035,"2019-03-07",0,"kayna"
"1036",1036,"2019-01-03",0,"kayna"
"1037",1037,"2019-03-28",0,"kayna"
"1038",1038,"2019-08-01",0,"mangurujipa"
"1039",1039,"2019-09-05",0,"mangurujipa"
"1040",1040,"2018-11-08",0,"mangurujipa"
"1041",1041,"2018-09-27",0,"mangurujipa"
"1042",1042,"2019-08-29",0,"mangurujipa"
"1043",1043,"2019-05-02",0,"mangurujipa"
"1044",1044,"2019-01-03",0,"mangurujipa"
"1045",1045,"2019-02-14",0,"mangurujipa"
"1046",1046,"2018-11-29",17,"mangurujipa"
"1047",1047,"2018-12-20",0,"mangurujipa"
"1048",1048,"2019-07-18",0,"mangurujipa"
"1049",1049,"2018-09-20",0,"mangurujipa"
"1050",1050,"2018-08-30",0,"mangurujipa"
"1051",1051,"2018-09-06",2,"mangurujipa"
"1052",1052,"2019-07-04",5,"mangurujipa"
"1053",1053,"2018-11-01",0,"mangurujipa"
"1054",1054,"2019-08-01",1,"mangurujipa"
"1055",1055,"2019-01-24",0,"mangurujipa"
"1056",1056,"2019-01-24",0,"mangurujipa"
"1057",1057,"2018-11-08",4,"mangurujipa"
"1058",1058,"2019-07-25",0,"mangurujipa"
"1059",1059,"2019-07-11",0,"mangurujipa"
"1060",1060,"2018-10-25",0,"mangurujipa"
"1061",1061,"2019-03-21",0,"mangurujipa"
"1062",1062,"2019-02-28",0,"mangurujipa"
"1063",1063,"2018-11-08",22,"mangurujipa"
"1064",1064,"2019-01-10",0,"mangurujipa"
"1065",1065,"2019-03-21",1,"mangurujipa"
"1066",1066,"2019-04-04",0,"mangurujipa"
"1067",1067,"2018-08-23",0,"mangurujipa"
"1068",1068,"2019-04-18",0,"mangurujipa"
"1069",1069,"2019-03-07",0,"mangurujipa"
"1070",1070,"2019-01-17",0,"mangurujipa"
"1071",1071,"2019-02-07",0,"mangurujipa"
"1072",1072,"2018-11-22",1,"mangurujipa"
"1073",1073,"2019-03-07",0,"mangurujipa"
"1074",1074,"2019-05-30",2,"mangurujipa"
"1075",1075,"2019-04-11",0,"mangurujipa"
"1076",1076,"2018-11-15",7,"mangurujipa"
"1077",1077,"2018-11-15",0,"mangurujipa"
"1078",1078,"2018-12-27",0,"mangurujipa"
"1079",1079,"2019-02-14",0,"mangurujipa"
"1080",1080,"2019-08-29",8,"mangurujipa"
"1081",1081,"2018-09-20",0,"mangurujipa"
"1082",1082,"2019-02-07",0,"mangurujipa"
"1083",1083,"2018-11-01",0,"mangurujipa"
"1084",1084,"2018-10-11",0,"mangurujipa"
"1085",1085,"2019-01-03",1,"mangurujipa"
"1086",1086,"2018-09-20",0,"mangurujipa"
"1087",1087,"2019-01-17",0,"mangurujipa"
"1088",1088,"2018-08-16",5,"mangurujipa"
"1089",1089,"2018-08-02",1,"mangurujipa"
"1090",1090,"2018-08-16",0,"mangurujipa"
"1091",1091,"2018-10-04",0,"mangurujipa"
"1092",1092,"2019-05-23",0,"mangurujipa"
"1093",1093,"2019-02-21",0,"mangurujipa"
"1094",1094,"2018-08-02",1,"mangurujipa"
"1095",1095,"2019-04-18",0,"mangurujipa"
"1096",1096,"2018-10-25",3,"mangurujipa"
"1097",1097,"2018-07-12",0,"mangurujipa"
"1098",1098,"2018-08-30",1,"mangurujipa"
"1099",1099,"2018-11-15",0,"rwampara"
"1100",1100,"2018-11-15",1,"rwampara"
"1101",1101,"2018-08-09",2,"rwampara"
"1102",1102,"2019-07-04",0,"rwampara"
"1103",1103,"2018-11-01",0,"rwampara"
"1104",1104,"2019-09-05",3,"rwampara"
"1105",1105,"2018-08-23",0,"rwampara"
"1106",1106,"2019-02-07",0,"rwampara"
"1107",1107,"2018-09-20",0,"rwampara"
"1108",1108,"2018-07-26",1,"rwampara"
"1109",1109,"2018-11-29",0,"rwampara"
"1110",1110,"2018-09-20",0,"rwampara"
"1111",1111,"2019-01-10",0,"rwampara"
"1112",1112,"2019-08-01",0,"rwampara"
"1113",1113,"2018-11-08",0,"rwampara"
"1114",1114,"2019-03-28",18,"rwampara"
"1115",1115,"2018-09-13",5,"rwampara"
"1116",1116,"2018-09-13",0,"rwampara"
"1117",1117,"2019-01-24",3,"rwampara"
"1118",1118,"2019-06-27",2,"rwampara"
"1119",1119,"2018-11-29",0,"rwampara"
"1120",1120,"2018-10-11",9,"rwampara"
"1121",1121,"2019-05-23",12,"rwampara"
"1122",1122,"2018-12-06",0,"rwampara"
"1123",1123,"2019-05-09",0,"rwampara"
"1124",1124,"2019-05-16",0,"rwampara"
"1125",1125,"2019-05-02",0,"rwampara"
"1126",1126,"2018-11-22",0,"rwampara"
"1127",1127,"2018-12-06",0,"rwampara"
"1128",1128,"2019-08-08",0,"rwampara"
"1129",1129,"2018-07-19",0,"rwampara"
"1130",1130,"2019-02-14",0,"rwampara"
"1131",1131,"2018-07-26",0,"rwampara"
"1132",1132,"2018-12-20",6,"rwampara"
"1133",1133,"2018-12-27",0,"rwampara"
"1134",1134,"2019-04-18",0,"rwampara"
"1135",1135,"2018-12-06",0,"rwampara"
"1136",1136,"2019-08-29",0,"rwampara"
"1137",1137,"2018-09-13",0,"rwampara"
"1138",1138,"2019-02-28",46,"rwampara"
"1139",1139,"2018-11-01",6,"rwampara"
"1140",1140,"2018-07-12",0,"rwampara"
"1141",1141,"2018-08-30",0,"rwampara"
"1142",1142,"2019-06-20",0,"rwampara"
"1143",1143,"2019-01-10",0,"rwampara"
"1144",1144,"2019-04-18",0,"rwampara"
"1145",1145,"2018-11-22",0,"rwampara"
"1146",1146,"2019-07-11",8,"rwampara"
"1147",1147,"2018-08-16",1,"rwampara"
"1148",1148,"2018-12-27",0,"rwampara"
"1149",1149,"2019-05-02",0,"rwampara"
"1150",1150,"2018-08-09",4,"rwampara"
"1151",1151,"2019-08-29",0,"rwampara"
"1152",1152,"2018-07-12",0,"rwampara"
"1153",1153,"2019-08-01",0,"rwampara"
"1154",1154,"2019-03-14",0,"rwampara"
"1155",1155,"2019-03-21",0,"rwampara"
"1156",1156,"2019-01-17",0,"rwampara"
"1157",1157,"2019-08-29",0,"rwampara"
"1158",1158,"2019-01-03",0,"rwampara"
"1159",1159,"2019-08-29",0,"rwampara"
"1160",1160,"2019-08-08",0,"bunia"
"1161",1161,"2018-10-11",0,"bunia"
"1162",1162,"2019-01-31",0,"bunia"
"1163",1163,"2019-05-30",4,"bunia"
"1164",1164,"2019-03-21",8,"bunia"
"1165",1165,"2019-08-08",0,"bunia"
"1166",1166,"2018-10-11",0,"bunia"
"1167",1167,"2018-11-29",0,"bunia"
"1168",1168,"2019-01-03",0,"bunia"
"1169",1169,"2018-10-11",0,"bunia"
"1170",1170,"2018-12-20",0,"bunia"
"1171",1171,"2018-11-01",5,"bunia"
"1172",1172,"2019-05-09",0,"bunia"
"1173",1173,"2019-02-21",0,"bunia"
"1174",1174,"2018-09-13",0,"bunia"
"1175",1175,"2018-12-27",0,"bunia"
"1176",1176,"2019-04-04",0,"bunia"
"1177",1177,"2018-07-19",0,"bunia"
"1178",1178,"2018-10-18",1,"bunia"
"1179",1179,"2018-11-01",0,"bunia"
"1180",1180,"2019-06-13",1,"bunia"
"1181",1181,"2018-08-09",0,"bunia"
"1182",1182,"2019-05-02",1,"bunia"
"1183",1183,"2019-08-15",0,"bunia"
"1184",1184,"2019-05-16",0,"bunia"
"1185",1185,"2018-12-06",5,"bunia"
"1186",1186,"2018-12-20",0,"bunia"
"1187",1187,"2019-09-05",2,"bunia"
"1188",1188,"2019-04-18",0,"bunia"
"1189",1189,"2018-12-06",0,"bunia"
"1190",1190,"2018-08-23",0,"bunia"
"1191",1191,"2019-07-11",0,"bunia"
"1192",1192,"2019-01-31",0,"bunia"
"1193",1193,"2019-04-11",0,"bunia"
"1194",1194,"2019-01-24",0,"bunia"
"1195",1195,"2019-01-31",0,"bunia"
"1196",1196,"2018-10-11",0,"bunia"
"1197",1197,"2018-09-06",0,"bunia"
"1198",1198,"2018-08-09",0,"bunia"
"1199",1199,"2019-06-20",2,"bunia"
"1200",1200,"2018-12-27",4,"bunia"
"1201",1201,"2019-04-11",0,"bunia"
"1202",1202,"2019-03-28",1,"bunia"
"1203",1203,"2019-01-24",5,"bunia"
"1204",1204,"2019-05-16",5,"bunia"
"1205",1205,"2019-08-01",0,"bunia"
"1206",1206,"2018-08-02",0,"bunia"
"1207",1207,"2019-02-14",0,"bunia"
"1208",1208,"2019-01-24",0,"bunia"
"1209",1209,"2018-11-01",0,"bunia"
"1210",1210,"2018-08-09",0,"bunia"
"1211",1211,"2018-09-20",0,"bunia"
"1212",1212,"2018-10-18",1,"bunia"
"1213",1213,"2019-04-11",0,"bunia"
"1214",1214,"2019-07-11",15,"bunia"
"1215",1215,"2018-10-18",0,"bunia"
"1216",1216,"2019-03-14",2,"bunia"
"1217",1217,"2018-10-18",2,"bunia"
"1218",1218,"2019-06-13",3,"bunia"
"1219",1219,"2018-07-19",31,"bunia"
"1220",1220,"2018-07-26",0,"bunia"
"1221",1221,"2018-12-27",0,"mambasa"
"1222",1222,"2019-04-18",0,"mambasa"
"1223",1223,"2019-01-10",0,"mambasa"
"1224",1224,"2019-02-07",0,"mambasa"
"1225",1225,"2019-04-11",1,"mambasa"
"1226",1226,"2018-12-06",0,"mambasa"
"1227",1227,"2018-07-26",0,"mambasa"
"1228",1228,"2019-07-18",1,"mambasa"
"1229",1229,"2019-05-30",0,"mambasa"
"1230",1230,"2018-10-25",0,"mambasa"
"1231",1231,"2019-05-23",0,"mambasa"
"1232",1232,"2018-07-12",0,"mambasa"
"1233",1233,"2018-12-20",0,"mambasa"
"1234",1234,"2019-01-24",0,"mambasa"
"1235",1235,"2019-04-11",8,"mambasa"
"1236",1236,"2019-07-11",0,"mambasa"
"1237",1237,"2018-10-11",2,"mambasa"
"1238",1238,"2019-06-13",5,"mambasa"
"1239",1239,"2018-07-19",1,"mambasa"
"1240",1240,"2019-04-11",0,"mambasa"
"1241",1241,"2019-07-04",0,"mambasa"
"1242",1242,"2019-03-14",2,"mambasa"
"1243",1243,"2019-07-04",0,"mambasa"
"1244",1244,"2019-06-27",0,"mambasa"
"1245",1245,"2019-09-05",0,"mambasa"
"1246",1246,"2019-01-31",1,"mambasa"
"1247",1247,"2019-05-23",0,"mambasa"
"1248",1248,"2018-07-26",22,"mambasa"
"1249",1249,"2018-10-11",0,"mambasa"
"1250",1250,"2018-12-06",0,"mambasa"
"1251",1251,"2019-03-14",0,"mambasa"
"1252",1252,"2019-07-11",0,"mambasa"
"1253",1253,"2018-07-12",0,"mambasa"
"1254",1254,"2019-01-31",3,"mambasa"
"1255",1255,"2019-05-16",0,"mambasa"
"1256",1256,"2019-04-04",0,"mambasa"
"1257",1257,"2019-06-27",0,"mambasa"
"1258",1258,"2019-06-27",0,"mambasa"
"1259",1259,"2019-03-21",15,"mambasa"
"1260",1260,"2018-09-20",0,"mambasa"
"1261",1261,"2019-01-03",0,"mambasa"
"1262",1262,"2018-08-23",0,"mambasa"
"1263",1263,"2018-12-27",0,"mambasa"
"1264",1264,"2019-07-18",2,"mambasa"
"1265",1265,"2019-05-30",0,"mambasa"
"1266",1266,"2018-10-04",0,"mambasa"
"1267",1267,"2018-07-26",0,"mambasa"
"1268",1268,"2018-11-15",0,"mambasa"
"1269",1269,"2019-03-28",5,"mambasa"
"1270",1270,"2018-11-01",0,"mambasa"
"1271",1271,"2019-03-28",0,"mambasa"
"1272",1272,"2019-07-11",12,"mambasa"
"1273",1273,"2019-01-17",0,"mambasa"
"1274",1274,"2018-07-12",0,"mambasa"
"1275",1275,"2019-06-13",0,"mambasa"
"1276",1276,"2018-08-16",0,"mambasa"
"1277",1277,"2019-04-04",0,"mambasa"
"1278",1278,"2019-04-04",8,"mambasa"
"1279",1279,"2019-05-09",0,"mambasa"
"1280",1280,"2018-07-19",0,"mambasa"
"1281",1281,"2018-09-27",0,"mambasa"
"1282",1282,"2019-06-27",1,"isiro"
"1283",1283,"2018-08-23",0,"isiro"
"1284",1284,"2018-11-15",1,"isiro"
"1285",1285,"2019-09-05",0,"isiro"
"1286",1286,"2019-06-20",9,"isiro"
"1287",1287,"2019-06-20",1,"isiro"
"1288",1288,"2018-08-30",0,"isiro"
"1289",1289,"2019-02-14",0,"isiro"
"1290",1290,"2018-09-06",0,"isiro"
"1291",1291,"2019-03-07",0,"isiro"
"1292",1292,"2018-11-22",0,"isiro"
"1293",1293,"2019-07-25",0,"isiro"
"1294",1294,"2019-06-13",0,"isiro"
"1295",1295,"2018-12-27",1,"isiro"
"1296",1296,"2018-09-13",0,"isiro"
"1297",1297,"2018-09-06",0,"isiro"
"1298",1298,"2019-03-07",1,"isiro"
"1299",1299,"2019-01-17",0,"isiro"
"1300",1300,"2018-12-20",8,"isiro"
"1301",1301,"2019-04-11",22,"isiro"
"1302",1302,"2019-03-07",15,"isiro"
"1303",1303,"2019-07-25",0,"isiro"
"1304",1304,"2018-11-01",0,"isiro"
"1305",1305,"2019-07-25",1,"isiro"
"1306",1306,"2018-07-19",13,"isiro"
"1307",1307,"2018-12-27",0,"isiro"
"1308",1308,"2018-11-22",3,"isiro"
"1309",1309,"2019-04-04",1,"isiro"
"1310",1310,"2018-12-13",0,"isiro"
"1311",1311,"2019-02-07",7,"isiro"
"1312",1312,"2019-05-23",0,"isiro"
"1313",1313,"2018-07-26",0,"isiro"
"1314",1314,"2019-07-11",2,"isiro"
"1315",1315,"2019-02-21",2,"isiro"
"1316",1316,"2019-04-11",0,"isiro"
"1317",1317,"2018-07-26",0,"isiro"
"1318",1318,"2018-10-25",2,"isiro"
"1319",1319,"2018-08-09",4,"isiro"
"1320",1320,"2019-07-25",8,"isiro"
"1321",1321,"2018-12-27",0,"isiro"
"1322",1322,"2019-01-03",20,"isiro"
"1323",1323,"2018-08-23",1,"isiro"
"1324",1324,"2019-01-24",0,"isiro"
"1325",1325,"2019-07-11",0,"isiro"
"1326",1326,"2019-06-20",0,"isiro"
"1327",1327,"2019-01-17",6,"isiro"
"1328",1328,"2019-07-18",0,"isiro"
"1329",1329,"2018-12-06",1,"isiro"
"1330",1330,"2019-08-01",0,"isiro"
"1331",1331,"2019-07-25",24,"isiro"
"1332",1332,"2018-07-26",0,"isiro"
"1333",1333,"2019-02-07",2,"isiro"
"1334",1334,"2018-07-19",2,"isiro"
"1335",1335,"2018-08-09",0,"isiro"
"1336",1336,"2019-01-24",0,"isiro"
"1337",1337,"2019-03-07",0,"isiro"
"1338",1338,"2018-11-22",0,"isiro"
"1339",1339,"2019-05-02",0,"isiro"
"1340",1340,"2018-12-27",3,"isiro"
"1341",1341,"2019-06-13",0,"isiro"
"1342",1342,"2019-03-07",0,"isiro"
"1343",1343,"2018-09-13",0,"alimbongo"
"1344",1344,"2018-11-01",0,"alimbongo"
"1345",1345,"2018-07-26",18,"alimbongo"
"1346",1346,"2019-03-07",0,"alimbongo"
"1347",1347,"2019-03-14",4,"alimbongo"
"1348",1348,"2019-04-25",1,"alimbongo"
"1349",1349,"2018-10-11",1,"alimbongo"
"1350",1350,"2019-05-16",2,"alimbongo"
"1351",1351,"2019-07-04",0,"alimbongo"
"1352",1352,"2019-03-14",1,"alimbongo"
"1353",1353,"2019-05-23",0,"alimbongo"
"1354",1354,"2019-05-30",0,"alimbongo"
"1355",1355,"2019-01-24",0,"alimbongo"
"1356",1356,"2019-04-18",0,"alimbongo"
"1357",1357,"2019-07-04",3,"alimbongo"
"1358",1358,"2019-05-30",0,"alimbongo"
"1359",1359,"2019-06-27",0,"alimbongo"
"1360",1360,"2019-08-22",2,"alimbongo"
"1361",1361,"2019-01-24",0,"alimbongo"
"1362",1362,"2018-11-29",0,"alimbongo"
"1363",1363,"2019-01-17",0,"alimbongo"
"1364",1364,"2019-05-09",0,"alimbongo"
"1365",1365,"2018-08-09",0,"alimbongo"
"1366",1366,"2018-08-30",6,"alimbongo"
"1367",1367,"2019-05-30",0,"alimbongo"
"1368",1368,"2019-04-25",0,"alimbongo"
"1369",1369,"2019-01-17",0,"alimbongo"
"1370",1370,"2019-05-09",0,"alimbongo"
"1371",1371,"2019-03-07",8,"alimbongo"
"1372",1372,"2018-12-27",10,"alimbongo"
"1373",1373,"2018-10-18",0,"alimbongo"
"1374",1374,"2019-06-20",0,"alimbongo"
"1375",1375,"2019-05-30",0,"alimbongo"
"1376",1376,"2018-11-01",0,"alimbongo"
"1377",1377,"2018-10-11",0,"alimbongo"
"1378",1378,"2019-08-08",0,"alimbongo"
"1379",1379,"2019-03-07",1,"alimbongo"
"1380",1380,"2019-06-13",0,"alimbongo"
"1381",1381,"2018-11-15",10,"alimbongo"
"1382",1382,"2019-09-05",0,"alimbongo"
"1383",1383,"2019-05-16",0,"alimbongo"
"1384",1384,"2018-09-20",0,"alimbongo"
"1385",1385,"2019-01-24",0,"alimbongo"
"1386",1386,"2018-12-06",0,"alimbongo"
"1387",1387,"2019-07-25",5,"alimbongo"
"1388",1388,"2018-07-19",0,"alimbongo"
"1389",1389,"2019-06-13",19,"alimbongo"
"1390",1390,"2019-05-16",0,"alimbongo"
"1391",1391,"2019-06-20",0,"alimbongo"
"1392",1392,"2019-07-04",4,"alimbongo"
"1393",1393,"2019-05-02",3,"alimbongo"
"1394",1394,"2018-11-01",0,"alimbongo"
"1395",1395,"2019-02-21",0,"alimbongo"
"1396",1396,"2019-08-01",0,"alimbongo"
"1397",1397,"2019-01-10",0,"alimbongo"
"1398",1398,"2019-07-11",9,"alimbongo"
"1399",1399,"2019-01-31",0,"alimbongo"
"1400",1400,"2019-08-29",0,"alimbongo"
"1401",1401,"2018-11-01",0,"alimbongo"
"1402",1402,"2018-07-19",11,"alimbongo"
"1403",1403,"2019-03-07",0,"alimbongo"
"1404",1404,"2019-03-14",0,"lolwa"
"1405",1405,"2018-07-12",27,"lolwa"
"1406",1406,"2019-04-25",0,"lolwa"
"1407",1407,"2019-07-11",1,"lolwa"
"1408",1408,"2019-07-18",0,"lolwa"
"1409",1409,"2018-09-06",0,"lolwa"
"1410",1410,"2018-07-26",0,"lolwa"
"1411",1411,"2019-02-14",0,"lolwa"
"1412",1412,"2019-04-25",3,"lolwa"
"1413",1413,"2019-05-30",3,"lolwa"
"1414",1414,"2018-08-09",0,"lolwa"
"1415",1415,"2018-08-09",0,"lolwa"
"1416",1416,"2019-08-29",2,"lolwa"
"1417",1417,"2018-10-25",0,"lolwa"
"1418",1418,"2019-02-14",0,"lolwa"
"1419",1419,"2019-06-06",0,"lolwa"
"1420",1420,"2019-07-11",3,"lolwa"
"1421",1421,"2019-06-06",0,"lolwa"
"1422",1422,"2019-04-11",4,"lolwa"
"1423",1423,"2019-04-25",7,"lolwa"
"1424",1424,"2018-09-13",0,"lolwa"
"1425",1425,"2019-03-07",20,"lolwa"
"1426",1426,"2018-12-27",1,"lolwa"
"1427",1427,"2018-12-06",0,"lolwa"
"1428",1428,"2019-08-22",0,"lolwa"
"1429",1429,"2019-07-18",0,"lolwa"
"1430",1430,"2018-10-18",0,"lolwa"
"1431",1431,"2018-08-09",2,"lolwa"
"1432",1432,"2018-08-09",2,"lolwa"
"1433",1433,"2018-10-04",0,"lolwa"
"1434",1434,"2018-12-13",0,"lolwa"
"1435",1435,"2019-05-09",0,"lolwa"
"1436",1436,"2019-06-06",0,"lolwa"
"1437",1437,"2018-11-08",1,"lolwa"
"1438",1438,"2019-09-05",0,"lolwa"
"1439",1439,"2019-01-17",0,"lolwa"
"1440",1440,"2018-09-20",0,"lolwa"
"1441",1441,"2018-10-04",0,"lolwa"
"1442",1442,"2019-06-27",0,"lolwa"
"1443",1443,"2019-04-11",0,"lolwa"
"1444",1444,"2019-06-13",1,"lolwa"
"1445",1445,"2018-10-18",0,"lolwa"
"1446",1446,"2019-08-15",0,"lolwa"
"1447",1447,"2018-07-26",0,"lolwa"
"1448",1448,"2018-07-19",0,"lolwa"
"1449",1449,"2018-10-18",8,"lolwa"
"1450",1450,"2018-11-22",0,"lolwa"
"1451",1451,"2019-01-03",3,"lolwa"
"1452",1452,"2019-07-18",0,"lolwa"
"1453",1453,"2018-08-02",1,"lolwa"
"1454",1454,"2018-08-30",0,"lolwa"
"1455",1455,"2019-06-13",20,"lolwa"
"1456",1456,"2019-08-29",2,"lolwa"
"1457",1457,"2018-08-16",0,"lolwa"
"1458",1458,"2019-08-15",0,"lolwa"
"1459",1459,"2019-07-04",0,"lolwa"
"1460",1460,"2018-12-20",0,"lolwa"
"1461",1461,"2019-03-21",0,"lolwa"
"1462",1462,"2019-06-27",0,"lolwa"
"1463",1463,"2018-09-13",0,"lolwa"
"1464",1464,"2018-09-27",0,"lolwa"
"1465",1465,"2019-05-23",0,"mwenga"
"1466",1466,"2019-01-24",3,"mwenga"
"1467",1467,"2019-05-02",1,"mwenga"
"1468",1468,"2018-08-16",0,"mwenga"
"1469",1469,"2019-05-16",0,"mwenga"
"1470",1470,"2019-07-04",0,"mwenga"
"1471",1471,"2019-03-28",1,"mwenga"
"1472",1472,"2018-11-29",1,"mwenga"
"1473",1473,"2019-05-02",0,"mwenga"
"1474",1474,"2019-07-11",0,"mwenga"
"1475",1475,"2019-04-11",0,"mwenga"
"1476",1476,"2018-10-18",0,"mwenga"
"1477",1477,"2018-12-06",0,"mwenga"
"1478",1478,"2019-07-04",19,"mwenga"
"1479",1479,"2019-06-13",11,"mwenga"
"1480",1480,"2018-07-12",0,"mwenga"
"1481",1481,"2019-04-04",6,"mwenga"
"1482",1482,"2019-08-08",3,"mwenga"
"1483",1483,"2019-05-23",0,"mwenga"
"1484",1484,"2019-08-15",0,"mwenga"
"1485",1485,"2018-08-02",0,"mwenga"
"1486",1486,"2019-01-03",0,"mwenga"
"1487",1487,"2019-06-06",1,"mwenga"
"1488",1488,"2018-12-13",0,"mwenga"
"1489",1489,"2018-12-27",14,"mwenga"
"1490",1490,"2018-11-22",0,"mwenga"
"1491",1491,"2019-04-18",0,"mwenga"
"1492",1492,"2019-05-02",0,"mwenga"
"1493",1493,"2018-07-12",0,"mwenga"
"1494",1494,"2019-05-30",4,"mwenga"
"1495",1495,"2019-04-18",1,"mwenga"
"1496",1496,"2019-03-21",0,"mwenga"
"1497",1497,"2019-02-07",1,"mwenga"
"1498",1498,"2019-03-07",7,"mwenga"
"1499",1499,"2019-05-16",0,"mwenga"
"1500",1500,"2019-04-04",0,"mwenga"
"1501",1501,"2018-11-01",0,"mwenga"
"1502",1502,"2018-10-18",3,"mwenga"
"1503",1503,"2018-09-06",1,"mwenga"
"1504",1504,"2018-11-01",0,"mwenga"
"1505",1505,"2019-01-17",0,"mwenga"
"1506",1506,"2018-12-27",0,"mwenga"
"1507",1507,"2019-04-18",0,"mwenga"
"1508",1508,"2018-09-27",23,"mwenga"
"1509",1509,"2019-05-30",0,"mwenga"
"1510",1510,"2018-12-06",0,"mwenga"
"1511",1511,"2019-03-28",0,"mwenga"
"1512",1512,"2019-04-11",0,"mwenga"
"1513",1513,"2018-11-01",1,"mwenga"
"1514",1514,"2019-03-14",15,"mwenga"
"1515",1515,"2019-05-02",1,"mwenga"
"1516",1516,"2019-03-07",0,"mwenga"
"1517",1517,"2019-01-03",0,"mwenga"
"1518",1518,"2019-03-07",0,"mwenga"
"1519",1519,"2018-10-25",0,"mwenga"
"1520",1520,"2019-02-28",12,"mwenga"
"1521",1521,"2018-08-09",0,"mwenga"
"1522",1522,"2019-08-29",0,"mwenga"
"1523",1523,"2019-01-10",0,"mwenga"
"1524",1524,"2018-12-13",2,"mwenga"
"1525",1525,"2018-12-27",0,"mwenga"
